City_ID,City,Country,Date,Lat,Lng,Max Temp,Humidity,Cloudiness,Wind Speed
0,Saskylakh,RU,2021-07-26 17:45:13,71.9167,114.0833,45.1,89,49,2.73
1,Tura,IN,2021-07-26 17:41:06,25.5198,90.2201,76.78,93,100,2.91
2,Manaure,CO,2021-07-26 17:45:13,11.7751,-72.4445,88.84,58,49,8.79
3,Puerto Ayora,EC,2021-07-26 17:40:19,-0.7393,-90.3518,78.76,80,81,7.0
4,Punta Arenas,CL,2021-07-26 17:45:14,-53.15,-70.9167,42.91,75,0,18.41
5,Mataura,NZ,2021-07-26 17:45:14,-46.1927,168.8643,42.48,98,91,2.95
6,Busselton,AU,2021-07-26 17:45:14,-33.65,115.3333,56.08,68,55,32.73
7,Mar Del Plata,AR,2021-07-26 17:43:44,-38.0023,-57.5575,54.09,59,40,8.01
8,Georgetown,MY,2021-07-26 17:45:15,5.4112,100.3354,84.88,85,20,1.99
9,Satuk,TR,2021-07-26 17:45:15,41.2263,32.3836,65.05,87,35,1.88
10,Hovd,MN,2021-07-26 17:45:16,48.0056,91.6419,63.64,69,91,1.99
11,Loralai,PK,2021-07-26 17:44:24,30.3705,68.598,88.84,35,81,9.6
12,Nabire,ID,2021-07-26 17:45:16,-3.3667,135.4833,75.34,91,65,3.42
13,Lebanon,US,2021-07-26 17:42:11,36.2081,-86.2911,91.62,74,20,9.22
14,Kolyvan,RU,2021-07-26 17:45:17,55.3053,82.7391,61.05,85,100,11.99
15,Hobart,AU,2021-07-26 17:45:17,-42.8794,147.3294,53.46,84,90,3.0
16,Lompoc,US,2021-07-26 17:41:56,34.6391,-120.4579,76.69,78,75,0.0
17,Andenes,NO,2021-07-26 17:45:18,69.3143,16.1194,59.47,93,75,10.36
18,Tuktoyaktuk,CA,2021-07-26 17:45:18,69.4541,-133.0374,46.4,81,90,9.22
19,Ponta Do Sol,PT,2021-07-26 17:45:18,32.6667,-17.1,81.01,77,21,2.48
20,Bluff,NZ,2021-07-26 17:45:19,-46.6,168.3333,42.8,78,79,17.0
21,Mount Isa,AU,2021-07-26 17:45:19,-20.7333,139.5,42.57,61,20,0.0
22,Manati,PR,2021-07-26 17:45:19,18.4275,-66.4921,89.89,80,89,16.75
23,Bredasdorp,ZA,2021-07-26 17:45:20,-34.5322,20.0403,60.12,41,52,9.22
24,Esperance,AU,2021-07-26 17:45:20,-33.8667,121.9,55.24,75,68,30.29
25,Thompson,CA,2021-07-26 17:41:47,55.7435,-97.8558,64.56,36,20,5.75
26,Khatanga,RU,2021-07-26 17:45:21,71.9667,102.5,58.64,69,74,12.06
27,Marawi,PH,2021-07-26 17:45:21,7.9986,124.2928,72.64,88,100,5.35
28,Mutata,CO,2021-07-26 17:45:22,7.2441,-76.4356,82.74,79,75,4.27
29,East London,ZA,2021-07-26 17:45:22,-33.0153,27.9116,61.74,48,0,6.91
30,New Braunfels,US,2021-07-26 17:42:27,29.703,-98.1245,95.11,59,1,1.01
31,Ushuaia,AR,2021-07-26 17:41:30,-54.8,-68.3,35.26,87,75,5.75
32,Mackay,AU,2021-07-26 17:45:23,-21.15,149.2,54.05,100,18,2.3
33,Carnarvon,AU,2021-07-26 17:45:23,-24.8667,113.6333,68.07,84,90,16.11
34,Vaini,TO,2021-07-26 17:45:23,-21.2,-175.2,75.45,77,77,9.53
35,Were Ilu,ET,2021-07-26 17:45:24,10.6,39.4333,55.45,88,98,2.62
36,Tamandare,BR,2021-07-26 17:45:24,-8.7597,-35.1047,78.91,71,14,8.81
37,Rikitea,PF,2021-07-26 17:44:31,-23.1203,-134.9692,73.54,74,36,17.83
38,Dikson,RU,2021-07-26 17:45:25,73.5069,80.5464,41.56,91,92,4.61
39,Kirakira,SB,2021-07-26 17:45:25,-10.4544,161.9205,77.72,85,100,7.76
40,Cabedelo,BR,2021-07-26 17:45:26,-6.9811,-34.8339,83.07,72,1,14.47
41,Pangnirtung,CA,2021-07-26 17:45:26,66.1451,-65.7125,51.8,100,90,5.75
42,Port Macquarie,AU,2021-07-26 17:43:07,-31.4333,152.9167,46.38,78,0,5.5
43,Luderitz,NA,2021-07-26 17:45:27,-26.6481,15.1594,67.35,46,1,9.13
44,Rasskazovo,RU,2021-07-26 17:45:27,52.6714,41.9033,65.21,57,41,2.46
45,Viedma,AR,2021-07-26 17:45:27,-40.8135,-62.9967,47.43,41,45,26.75
46,Yellowknife,CA,2021-07-26 17:45:28,62.456,-114.3525,70.32,55,75,3.0
47,Kununurra,AU,2021-07-26 17:45:28,-15.7667,128.7333,64.38,88,92,0.0
48,Aden,YE,2021-07-26 17:45:29,12.7794,45.0367,83.84,73,41,8.08
49,Castro,BR,2021-07-26 17:45:29,-24.7911,-50.0119,72.18,42,7,8.77
50,Jamestown,US,2021-07-26 17:42:16,42.097,-79.2353,83.52,48,75,3.0
51,Lipari,IT,2021-07-26 17:45:30,38.4674,14.954,84.74,61,3,8.97
52,Nikolskoye,RU,2021-07-26 17:45:30,59.7035,30.7861,76.89,67,25,3.85
53,Qaanaaq,GL,2021-07-26 17:45:30,77.484,-69.3632,44.49,54,89,9.71
54,Hamilton,US,2021-07-26 17:42:58,39.1834,-84.5333,91.09,52,40,1.01
55,Ribeira Grande,PT,2021-07-26 17:45:31,38.5167,-28.7,79.2,61,20,16.11
56,Petropavlovsk-Kamchatskiy,RU,2021-07-26 17:45:31,53.0452,158.6483,70.39,83,40,6.71
57,Saint-Philippe,RE,2021-07-26 17:45:32,-21.3585,55.7679,67.59,80,62,11.77
58,Kloulklubed,PW,2021-07-26 17:42:35,7.0419,134.2556,84.06,79,100,16.2
59,Salalah,OM,2021-07-26 17:41:18,17.0151,54.0924,78.89,89,75,4.61
60,Port Elizabeth,ZA,2021-07-26 17:45:32,-33.918,25.5701,66.09,34,100,9.1
61,Lorengau,PG,2021-07-26 17:45:33,-2.0226,147.2712,80.89,76,46,2.95
62,Urusha,RU,2021-07-26 17:45:33,54.05,122.9,56.21,94,90,4.29
63,Tiksi,RU,2021-07-26 17:45:33,71.6872,128.8694,38.59,90,99,11.23
64,Svetlogorsk,BY,2021-07-26 17:45:34,52.6333,29.7333,71.1,59,85,6.69
65,Yerkoy,TR,2021-07-26 17:45:34,39.6381,34.4672,75.6,48,27,10.65
66,Butaritari,KI,2021-07-26 17:45:35,3.0707,172.7902,82.33,73,95,7.52
67,Taman,RU,2021-07-26 17:45:35,45.2117,36.7161,77.34,50,98,16.84
68,Atuona,PF,2021-07-26 17:45:03,-9.8,-139.0333,77.52,70,55,25.08
69,Hermanus,ZA,2021-07-26 17:45:36,-34.4187,19.2345,59.56,69,28,3.18
70,Ancud,CL,2021-07-26 17:40:44,-41.8697,-73.8203,47.73,61,40,7.63
71,Santa Isabel Do Rio Negro,BR,2021-07-26 17:45:36,-0.4139,-65.0192,86.41,64,87,3.29
72,Verkhoyansk,RU,2021-07-26 17:45:36,67.5447,133.385,57.45,79,49,4.32
73,Talnakh,RU,2021-07-26 17:45:37,69.4865,88.3972,63.77,84,97,2.51
74,Floro,NO,2021-07-26 17:45:37,61.5996,5.0328,81.3,50,0,6.91
75,Hithadhoo,MV,2021-07-26 17:45:37,-0.6,73.0833,81.18,78,65,9.17
76,Teguldet,RU,2021-07-26 17:45:38,57.3064,88.1667,64.89,97,82,4.88
77,Chapais,CA,2021-07-26 17:45:38,49.7834,-74.8492,64.18,90,93,11.5
78,Biak,ID,2021-07-26 17:45:39,-0.9131,122.8766,72.66,73,36,6.73
79,Severo-Kurilsk,RU,2021-07-26 17:45:39,50.6789,156.125,56.21,94,88,7.05
80,Beringovskiy,RU,2021-07-26 17:45:39,63.05,179.3167,52.65,93,100,5.26
81,Kapaa,US,2021-07-26 17:44:55,22.0752,-159.319,80.92,81,1,1.01
82,Jian,CN,2021-07-26 17:45:40,27.1172,114.9793,80.67,73,67,2.8
83,Lovozero,RU,2021-07-26 17:45:40,68.005,35.0117,50.09,78,87,12.8
84,Chuy,UY,2021-07-26 17:44:23,-33.6971,-53.4616,54.88,74,100,12.88
85,Vredendal,ZA,2021-07-26 17:45:41,-31.6683,18.5012,62.69,34,53,3.71
86,Saldanha,ZA,2021-07-26 17:45:41,-33.0117,17.9442,64.45,73,5,7.38
87,Sulangan,PH,2021-07-26 17:45:41,11.1373,123.7228,83.97,74,100,14.52
88,Taguatinga,BR,2021-07-26 17:45:42,-12.3857,-46.5711,92.41,18,51,4.74
89,Westport,US,2021-07-26 17:45:42,41.1415,-73.3579,91.45,60,1,1.01
90,Bajil,YE,2021-07-26 17:45:42,15.0584,43.2851,87.22,62,100,7.07
91,Koungou,YT,2021-07-26 17:45:43,-12.7336,45.2042,74.91,69,20,12.66
92,Noumea,NC,2021-07-26 17:45:43,-22.2763,166.4572,69.01,99,88,7.0
93,Dongsheng,CN,2021-07-26 17:45:43,39.8161,109.9776,67.59,62,1,5.48
94,Batagay,RU,2021-07-26 17:45:44,67.6333,134.6333,56.14,88,55,4.68
95,Asfi,MA,2021-07-26 17:45:44,32.2994,-9.2372,74.3,72,0,23.42
96,Sekoma,BW,2021-07-26 17:45:45,-24.4,23.8833,49.96,34,0,7.54
97,Coihaique,CL,2021-07-26 17:41:56,-45.5752,-72.0662,44.55,53,20,4.61
98,Iqaluit,CA,2021-07-26 17:41:04,63.7506,-68.5145,47.93,87,75,5.99
99,Buin,CL,2021-07-26 17:45:45,-33.7333,-70.75,60.06,47,1,5.61
100,Matara,LK,2021-07-26 17:45:46,5.9485,80.5353,79.72,86,82,12.91
101,Yinchuan,CN,2021-07-26 17:45:46,38.4681,106.2731,76.28,44,9,1.63
102,San Cristobal,VE,2021-07-26 17:45:47,7.7669,-72.225,82.58,61,73,7.49
103,Port Alfred,ZA,2021-07-26 17:45:47,-33.5906,26.891,65.55,36,100,10.8
104,Bethel,US,2021-07-26 17:45:47,41.3712,-73.414,89.4,56,1,3.0
105,Albany,US,2021-07-26 17:44:03,42.6001,-73.9662,86.04,57,1,1.99
106,Upernavik,GL,2021-07-26 17:45:48,72.7868,-56.1549,45.81,63,100,4.59
107,Rosarito,MX,2021-07-26 17:45:48,32.3333,-117.0333,72.59,76,86,8.1
108,Hilo,US,2021-07-26 17:45:49,19.7297,-155.09,73.62,94,90,4.61
109,Khani,GE,2021-07-26 17:45:49,41.9563,42.9566,65.77,96,56,2.19
110,Kahului,US,2021-07-26 17:41:00,20.8947,-156.47,79.84,87,40,20.71
111,Russell,US,2021-07-26 17:45:24,32.3502,-85.1999,92.91,66,18,1.95
112,Usakos,NA,2021-07-26 17:45:50,-22.0,15.6,67.1,27,0,3.53
113,Airai,TL,2021-07-26 17:44:55,-8.9266,125.4092,55.31,66,27,2.44
114,Portland,US,2021-07-26 17:44:07,45.5234,-122.6762,80.2,63,40,1.01
115,Shingu,JP,2021-07-26 17:45:51,33.7333,135.9833,77.92,83,99,6.76
116,Cockburn Town,TC,2021-07-26 17:40:53,21.4612,-71.1419,87.76,62,40,11.5
117,Inhapi,BR,2021-07-26 17:45:51,-9.2214,-37.7486,84.36,55,88,8.43
118,Sao Joao Da Barra,BR,2021-07-26 17:45:52,-21.6403,-41.0511,80.69,68,0,16.89
119,Prince Rupert,CA,2021-07-26 17:45:52,54.3161,-130.3201,57.29,94,90,8.05
120,Komsomolskiy,UZ,2021-07-26 17:43:25,40.4272,71.7189,89.02,30,0,4.61
121,Naze,JP,2021-07-26 17:45:52,28.3667,129.4833,77.13,86,100,11.97
122,Nanortalik,GL,2021-07-26 17:45:53,60.1432,-45.2371,51.85,69,68,9.53
123,Guasdualito,VE,2021-07-26 17:45:53,7.2424,-70.7324,82.44,82,82,5.14
124,Veraval,IN,2021-07-26 17:45:53,20.9,70.3667,81.16,85,74,13.85
125,Metro,ID,2021-07-26 17:45:54,-5.1131,105.3067,70.48,91,4,3.62
126,Ambilobe,MG,2021-07-26 17:45:54,-13.2,49.05,68.61,69,56,5.3
127,Nishihara,JP,2021-07-26 17:45:54,26.1842,127.7558,81.68,95,90,11.5
128,Filadelfia,US,2021-07-26 17:43:34,39.9523,-75.1638,90.95,58,75,3.0
129,Klaksvik,FO,2021-07-26 17:45:55,62.2266,-6.589,52.72,99,100,7.18
130,Akyab,MM,2021-07-26 17:45:55,20.15,92.9,80.85,85,100,17.76
131,Kaitangata,NZ,2021-07-26 17:45:56,-46.2817,169.8464,48.92,68,100,8.61
132,Camopi,GF,2021-07-26 17:45:56,3.1655,-52.3158,85.23,63,68,4.54
133,San Policarpo,PH,2021-07-26 17:45:57,12.1791,125.5072,81.41,77,100,8.63
134,Comodoro Rivadavia,AR,2021-07-26 17:45:01,-45.8667,-67.5,48.06,43,0,14.97
135,Aktash,RU,2021-07-26 17:45:57,50.3,87.7333,48.11,82,25,2.95
136,Fare,PF,2021-07-26 17:45:58,-16.7,-151.0167,78.31,74,40,12.17
137,Deshnok,IN,2021-07-26 17:45:58,27.7986,73.3447,91.35,52,100,19.6
138,Saiha,IN,2021-07-26 17:45:58,22.4833,92.9667,72.68,98,100,3.0
139,Chokurdakh,RU,2021-07-26 17:45:59,70.6333,147.9167,35.62,88,81,11.54
140,Rocha,UY,2021-07-26 17:41:26,-34.4833,-54.3333,54.72,68,81,12.93
141,Pevek,RU,2021-07-26 17:45:59,69.7008,170.3133,35.96,88,84,11.18
142,Vaitape,PF,2021-07-26 17:46:00,-16.5167,-151.75,78.58,72,54,13.51
143,Morondava,MG,2021-07-26 17:46:00,-20.2833,44.2833,72.68,68,26,11.86
144,Saint Cloud,US,2021-07-26 17:46:00,45.5608,-94.1625,89.44,51,1,13.8
145,Bambanglipuro,ID,2021-07-26 17:46:01,-7.95,110.2833,74.53,85,82,4.38
146,Tigil,RU,2021-07-26 17:46:01,57.8,158.6667,60.76,97,100,20.98
147,Aklavik,CA,2021-07-26 17:46:02,68.2191,-135.0107,57.2,82,75,3.44
148,Saint George,US,2021-07-26 17:44:14,37.1041,-113.5841,89.8,51,1,4.0
149,Leningradskiy,RU,2021-07-26 17:46:02,69.3833,178.4167,38.34,88,95,2.51
150,Sharjah,AE,2021-07-26 17:44:10,25.3573,55.4033,98.89,40,0,1.14
151,Richards Bay,ZA,2021-07-26 17:46:03,-28.783,32.0377,64.0,60,5,14.34
152,Plouzane,FR,2021-07-26 17:46:03,48.3833,-4.6167,66.52,85,75,10.36
153,Morden,CA,2021-07-26 17:46:04,49.1919,-98.1014,86.38,28,40,5.75
154,Chara,RU,2021-07-26 17:46:04,56.9064,118.2631,55.71,75,1,1.79
155,Vila Velha,BR,2021-07-26 17:46:04,-20.3297,-40.2925,78.96,57,40,13.8
156,Samarai,PG,2021-07-26 17:46:05,-10.6167,150.6667,77.77,85,100,17.18
157,Duvan,RU,2021-07-26 17:46:05,55.695,57.9024,56.37,60,78,5.88
158,Lebu,CL,2021-07-26 17:46:05,-37.6167,-73.65,49.68,64,11,16.89
159,New Norfolk,AU,2021-07-26 17:46:06,-42.7826,147.0587,53.1,81,98,3.0
160,Necochea,AR,2021-07-26 17:46:06,-38.5473,-58.7368,48.04,51,6,25.05
161,Faanui,PF,2021-07-26 17:46:06,-16.4833,-151.75,78.58,72,54,13.56
162,Pozo Colorado,PY,2021-07-26 17:46:07,-23.4923,-58.7972,95.47,24,100,11.99
163,Ulcinj,ME,2021-07-26 17:46:07,41.9294,19.2244,91.62,63,68,2.24
164,Avarua,CK,2021-07-26 17:46:08,-21.2078,-159.775,73.45,94,75,4.61
165,Sola,VU,2021-07-26 17:46:08,-13.8833,167.55,79.92,78,60,15.79
166,Cape Town,ZA,2021-07-26 17:43:59,-33.9258,18.4232,63.01,65,0,5.75
167,Dingle,PH,2021-07-26 17:46:08,10.9995,122.6711,79.36,85,100,11.27
168,Barrow,US,2021-07-26 17:42:02,71.2906,-156.7887,41.02,98,90,11.5
169,Pimentel,PE,2021-07-26 17:46:09,-6.8367,-79.9342,71.89,77,75,4.0
170,Lagoa,PT,2021-07-26 17:45:52,39.05,-27.9833,70.86,84,65,11.07
171,Cayenne,GF,2021-07-26 17:46:09,4.9333,-52.3333,87.84,81,75,4.0
172,Arlit,NE,2021-07-26 17:46:10,18.7369,7.3853,104.59,9,78,5.12
173,Jaen,ES,2021-07-26 17:46:10,38.0,-3.5,84.94,26,31,7.74
174,Thinadhoo,MV,2021-07-26 17:46:10,0.5333,72.9333,81.37,75,99,6.69
175,Mount Gambier,AU,2021-07-26 17:46:11,-37.8333,140.7667,49.91,87,40,11.5
176,Souillac,MU,2021-07-26 17:46:11,-20.5167,57.5167,68.38,94,40,9.22
177,Fuerte Olimpo,PY,2021-07-26 17:46:12,-21.0415,-57.8738,98.17,18,83,13.18
178,Christchurch,NZ,2021-07-26 17:45:05,-43.5333,172.6333,51.01,83,75,3.0
179,Torbay,CA,2021-07-26 17:46:12,47.6666,-52.7314,67.75,79,75,9.22
180,Ketchikan,US,2021-07-26 17:46:13,55.3422,-131.6461,57.67,82,90,3.44
181,Guerrero Negro,MX,2021-07-26 17:46:13,27.9769,-114.0611,77.18,57,1,8.34
182,Pochutla,MX,2021-07-26 17:42:16,15.7432,-96.4661,86.83,54,96,6.06
183,Quatre Cocos,MU,2021-07-26 17:46:13,-20.2078,57.7625,68.11,78,20,8.5
184,Ilo,PE,2021-07-26 17:46:14,-17.6394,-71.3375,59.86,88,90,11.5
185,Bengkulu,ID,2021-07-26 17:46:14,-3.8004,102.2655,74.41,76,43,4.43
186,Springfield,US,2021-07-26 17:46:15,37.2153,-93.2982,90.41,70,40,4.0
187,Thanh Hoa,VN,2021-07-26 17:41:42,19.8,105.7667,80.22,91,89,3.65
188,Idaho Falls,US,2021-07-26 17:45:59,43.4666,-112.0341,73.96,40,1,3.44
189,Nenjiang,CN,2021-07-26 17:46:15,49.1833,125.2167,65.84,98,100,7.99
190,Clyde River,CA,2021-07-26 17:46:16,70.4692,-68.5914,37.63,93,90,5.75
191,Ngunguru,NZ,2021-07-26 17:46:16,-35.6167,174.5,50.16,83,3,11.92
192,San Jeronimo,PE,2021-07-26 17:46:16,-11.9472,-75.2829,62.58,25,1,1.97
193,Huarmey,PE,2021-07-26 17:44:59,-10.0681,-78.1522,70.54,71,36,13.29
194,Tamuin,MX,2021-07-26 17:46:17,21.9833,-98.75,90.0,58,0,2.75
195,Namibe,AO,2021-07-26 17:41:19,-15.1961,12.1522,68.61,77,1,3.83
196,Beloha,MG,2021-07-26 17:46:17,-25.1667,45.05,62.22,65,28,14.97
197,Oktyabrskoye,RU,2021-07-26 17:46:18,43.0645,44.7417,71.74,83,86,4.47
198,Fairbanks,US,2021-07-26 17:42:12,64.8378,-147.7164,63.1,77,90,3.44
199,San Juan Del Sur,NI,2021-07-26 17:46:18,11.2529,-85.8705,84.42,74,75,4.61
200,Kamenka,RU,2021-07-26 17:46:19,51.3223,42.7678,67.77,47,52,8.05
201,Saint-Augustin,CA,2021-07-26 17:46:19,51.226,-58.6502,66.7,63,73,14.81
202,Takoradi,GH,2021-07-26 17:46:20,4.8845,-1.7554,77.23,75,78,11.07
203,Puerto Santander,CO,2021-07-26 17:46:20,8.3636,-72.4063,92.61,48,80,4.9
204,Kaoma,ZM,2021-07-26 17:46:20,-14.7833,24.8,56.21,40,15,6.62
205,Bambous Virieux,MU,2021-07-26 17:46:21,-20.3428,57.7575,68.25,94,40,9.22
206,Lavrentiya,RU,2021-07-26 17:46:21,65.5833,-171.0,44.51,99,100,3.15
207,Victoria,HK,2021-07-26 17:42:33,22.2855,114.1577,88.32,86,98,1.01
208,Shimoda,JP,2021-07-26 17:46:21,34.6667,138.95,76.1,86,97,6.93
209,Hualmay,PE,2021-07-26 17:46:22,-11.0964,-77.6139,68.61,72,39,12.91
210,Hami,CN,2021-07-26 17:41:36,42.8,93.45,88.43,18,29,5.93
211,Saint-Pierre,RE,2021-07-26 17:46:22,-21.3393,55.4781,67.68,81,90,11.5
212,Dwarka,IN,2021-07-26 17:46:23,22.2394,68.9678,82.51,84,98,20.47
213,Cuenca,EC,2021-07-26 17:46:23,-2.8833,-78.9833,64.53,59,75,9.22
214,Pafos,CY,2021-07-26 17:46:23,34.7667,32.4167,84.11,65,0,10.36
215,Popondetta,PG,2021-07-26 17:46:24,-8.7537,148.2534,70.95,97,75,2.86
216,Makakilo City,US,2021-07-26 17:45:21,21.3469,-158.0858,77.68,70,1,0.0
217,Provideniya,RU,2021-07-26 17:46:24,64.3833,-173.3,48.11,99,100,3.04
218,Ylivieska,FI,2021-07-26 17:46:25,64.0833,24.55,66.31,61,11,3.83
219,Linkoping,SE,2021-07-26 17:46:25,58.4109,15.6216,77.38,64,75,10.36
220,Kathu,TH,2021-07-26 17:46:25,7.9178,98.3332,87.69,74,96,14.79
221,Illela,NG,2021-07-26 17:46:26,13.7292,5.2975,89.8,51,100,9.93
222,College,US,2021-07-26 17:46:26,64.8569,-147.8028,63.66,76,75,3.44
223,Vao,NC,2021-07-26 17:46:26,-22.6667,167.4833,68.9,60,82,16.49
224,Tiznit,MA,2021-07-26 17:46:27,29.5833,-9.5,74.93,58,0,8.86
225,Liku,ID,2021-07-26 17:46:27,-0.7275,119.8922,74.66,89,33,3.09
226,Arraial Do Cabo,BR,2021-07-26 17:46:28,-22.9661,-42.0278,82.36,57,0,23.02
227,Mortka,RU,2021-07-26 17:46:28,59.3322,66.0214,57.29,64,92,5.12
228,Xinyu,CN,2021-07-26 17:46:28,27.8043,114.9334,78.93,77,41,5.88
229,Roald,NO,2021-07-26 17:46:29,62.5833,6.1333,77.92,77,0,10.36
230,Bilibino,RU,2021-07-26 17:46:29,68.0546,166.4372,42.42,72,31,6.78
231,Venice,US,2021-07-26 17:46:29,27.0998,-82.4543,91.17,74,20,3.44
232,Yarim,YE,2021-07-26 17:46:30,14.298,44.3779,61.95,69,100,5.91
233,Makhinjauri,GE,2021-07-26 17:46:30,41.6739,41.694,71.46,94,75,9.22
234,Zaykovo,RU,2021-07-26 17:46:31,57.5613,62.7568,54.3,75,90,5.5
235,Port-Gentil,GA,2021-07-26 17:46:31,-0.7193,8.7815,75.2,82,97,14.92
236,Mahebourg,MU,2021-07-26 17:44:23,-20.4081,57.7,68.29,94,40,9.22
237,Rundu,NA,2021-07-26 17:46:31,-17.9333,19.7667,57.16,33,2,6.71
238,San Andres,CO,2021-07-26 17:46:32,12.5847,-81.7006,86.02,74,40,9.22
239,Ugoofaaru,MV,2021-07-26 17:46:32,5.6667,73.0,81.72,75,100,6.96
240,Sitka,US,2021-07-26 17:45:41,57.0531,-135.33,55.29,82,20,4.61
241,Gat,IL,2021-07-26 17:46:01,31.61,34.7642,83.8,72,0,8.95
242,Bermeo,ES,2021-07-26 17:46:33,43.4209,-2.7215,76.86,69,12,3.65
243,Cangucu,BR,2021-07-26 17:46:33,-31.395,-52.6756,52.81,98,100,3.29
244,Bosaso,SO,2021-07-26 17:46:33,11.2842,49.1816,89.67,41,71,13.56
245,Itoman,JP,2021-07-26 17:46:34,26.1247,127.6694,82.42,92,40,12.66
246,Narsaq,GL,2021-07-26 17:45:46,60.9167,-46.05,66.42,50,44,3.56
247,Laguna,US,2021-07-26 17:46:35,38.421,-121.4238,88.3,63,1,9.22
248,Teodoro Sampaio,BR,2021-07-26 17:46:35,-22.5325,-52.1675,89.69,19,0,10.22
249,Tirumullaivasal,IN,2021-07-26 17:46:35,11.2333,79.8333,82.71,77,100,8.77
250,Tiassale,CI,2021-07-26 17:46:36,5.8983,-4.8283,78.53,74,83,7.11
251,Aksu,CN,2021-07-26 17:46:36,41.1231,80.2644,89.4,19,0,4.41
252,Srednekolymsk,RU,2021-07-26 17:46:37,67.45,153.6833,39.92,78,67,8.7
253,Port Blair,IN,2021-07-26 17:46:18,11.6667,92.75,82.08,86,100,20.6
254,Shestakovo,RU,2021-07-26 17:46:37,56.4915,103.96,63.12,64,2,3.24
255,Pemba,MZ,2021-07-26 17:46:38,-12.974,40.5178,77.7,69,40,17.27
256,Fasa,IR,2021-07-26 17:46:38,28.9383,53.6482,92.44,11,0,9.22
257,Mapiri,BO,2021-07-26 17:46:39,-15.25,-68.1667,86.86,41,12,2.15
258,Kristiansund,NO,2021-07-26 17:46:39,63.1115,7.732,71.65,68,0,3.44
259,Dabwali,IN,2021-07-26 17:46:39,29.95,74.7333,87.91,68,100,12.39
260,Scarborough,GB,2021-07-26 17:43:35,54.2797,-0.4044,78.46,73,36,1.99
261,Erice,IT,2021-07-26 17:46:40,38.037,12.5865,84.56,24,0,20.71
262,Kudahuvadhoo,MV,2021-07-26 17:46:40,2.6708,72.8944,82.08,68,100,4.38
263,Campbellton,CA,2021-07-26 17:46:40,48.0075,-66.6727,72.05,66,67,5.93
264,Xingyi,CN,2021-07-26 17:46:41,24.1877,102.817,59.25,94,39,1.3
265,Zhigalovo,RU,2021-07-26 17:46:41,54.8097,105.1578,61.47,77,48,2.06
266,Umm Lajj,SA,2021-07-26 17:46:41,25.0213,37.2685,89.74,45,1,9.31
267,Jimma,ET,2021-07-26 17:46:42,7.6667,36.8333,58.26,98,100,1.7
268,Beihai,CN,2021-07-26 17:46:42,21.4833,109.1,84.76,82,6,13.33
269,Robertson,US,2021-07-26 17:46:43,36.5167,-86.8667,92.79,63,1,0.0
270,Codrington,AU,2021-07-26 17:46:43,-38.2667,141.9667,47.95,79,93,15.7
271,Longyearbyen,SJ,2021-07-26 17:46:43,78.2186,15.6401,44.44,76,75,10.36
272,Sovetskiy,RU,2021-07-26 17:46:44,61.3614,63.5842,52.92,84,27,3.65
273,Baturyn,UA,2021-07-26 17:46:44,51.3457,32.8779,70.18,59,81,6.64
274,Ballina,AU,2021-07-26 17:46:45,-28.8667,153.5667,48.78,93,53,0.0
275,Olafsvik,IS,2021-07-26 17:46:45,64.8945,-23.7142,49.87,86,100,14.61
276,Zhuanghe,CN,2021-07-26 17:46:45,39.7008,122.9911,73.49,85,50,2.37
277,Mineral Wells,US,2021-07-26 17:46:46,32.8085,-98.1128,97.52,49,1,3.44
278,Seoul,KR,2021-07-26 17:43:47,37.5683,126.9778,82.0,74,0,3.44
279,Dubai,AE,2021-07-26 17:45:04,25.2582,55.3047,98.85,47,0,3.44
280,Kabinda,CD,2021-07-26 17:46:46,-6.1333,24.4833,70.65,28,92,5.08
281,Dmitriyevka,RU,2021-07-26 17:46:47,54.75,55.3333,62.15,50,48,3.69
282,Belem,BR,2021-07-26 17:42:15,-1.4558,-48.5044,89.64,55,40,9.22
283,Paamiut,GL,2021-07-26 17:46:47,61.994,-49.6678,45.39,93,62,11.3
284,Husavik,IS,2021-07-26 17:46:47,66.0449,-17.3389,57.11,59,94,4.76
285,Sibolga,ID,2021-07-26 17:46:48,1.7427,98.7792,77.47,87,94,2.84
286,Vardo,NO,2021-07-26 17:46:48,70.3705,31.1107,50.2,93,40,17.27
287,Wencheng,CN,2021-07-26 17:46:49,33.0559,113.7978,78.03,86,96,5.66
288,Gatton,AU,2021-07-26 17:46:49,-27.55,152.2833,51.39,78,10,2.8
289,Nemuro,JP,2021-07-26 17:46:49,43.3236,145.575,60.78,99,100,13.09
290,Hasaki,JP,2021-07-26 17:46:50,35.7333,140.8333,72.28,90,100,30.31
291,Nizwa,OM,2021-07-26 17:46:50,22.9333,57.5333,99.1,32,70,1.32
292,Lima,PE,2021-07-26 17:42:24,-12.0432,-77.0282,65.14,77,90,10.36
293,Grand Gaube,MU,2021-07-26 17:46:50,-20.0064,57.6608,68.4,83,3,3.0
294,Tarazona,ES,2021-07-26 17:46:51,41.9,-1.7333,81.19,39,3,14.41
295,Augusto Correa,BR,2021-07-26 17:46:51,-1.0217,-46.635,85.1,64,55,5.77
296,Isangel,VU,2021-07-26 17:46:52,-19.55,169.2667,71.28,74,63,14.85
297,Neepawa,CA,2021-07-26 17:46:52,50.2289,-99.4664,75.6,26,37,8.48
298,Hulja,EE,2021-07-26 17:46:52,59.3522,26.2179,69.75,60,12,5.3
299,Indio,US,2021-07-26 17:46:53,33.7206,-116.2156,89.74,71,1,5.01
300,Cukai,MY,2021-07-26 17:46:53,4.25,103.4167,80.55,90,97,5.77
301,Mecca,SA,2021-07-26 17:42:16,21.4267,39.8261,90.45,33,39,6.96
302,Paracuru,BR,2021-07-26 17:46:53,-3.41,-39.0306,87.82,58,5,17.94
303,Hadejia,NG,2021-07-26 17:46:54,12.4498,10.0444,86.32,55,94,0.54
304,Dologon,PH,2021-07-26 17:46:54,7.8408,125.0444,71.65,93,100,1.97
305,Meadow Lake,US,2021-07-26 17:46:55,34.8014,-106.5436,85.68,37,37,6.42
306,Poum,NC,2021-07-26 17:46:55,-20.2333,164.0167,69.91,70,87,12.37
307,Meulaboh,ID,2021-07-26 17:46:55,4.1363,96.1285,78.33,85,89,4.59
308,Valparaiso,CL,2021-07-26 17:42:20,-33.0393,-71.6273,59.23,77,40,3.44
309,Puerto Escondido,MX,2021-07-26 17:46:56,15.85,-97.0667,85.03,70,90,11.5
310,Solnechnyy,RU,2021-07-26 17:46:56,50.7214,136.6319,64.98,98,91,3.38
311,Yulara,AU,2021-07-26 17:46:56,-25.2406,130.9889,44.44,45,11,2.3
312,Mitu,CO,2021-07-26 17:46:57,1.1983,-70.1733,81.37,73,90,2.66
313,Dawei,MM,2021-07-26 17:46:57,14.0833,98.2,75.7,95,100,2.24
314,Sao Jose De Ribamar,BR,2021-07-26 17:46:58,-2.5619,-44.0542,84.58,75,46,4.41
315,Sao Filipe,CV,2021-07-26 17:46:58,14.8961,-24.4956,75.78,78,71,7.4
316,Kuusamo,FI,2021-07-26 17:46:58,65.9667,29.1833,64.44,63,0,5.75
317,Aksarka,RU,2021-07-26 17:46:59,66.5606,67.7975,53.1,70,90,3.18
318,Batemans Bay,AU,2021-07-26 17:46:59,-35.7167,150.1833,55.2,62,98,8.28
319,Kanniyakumari,IN,2021-07-26 17:46:59,8.0833,77.5667,79.63,83,99,18.79
320,Whitianga,NZ,2021-07-26 17:47:00,-36.8333,175.7,49.01,84,34,10.51
321,Patawag,PH,2021-07-26 17:47:00,8.1064,122.6208,79.14,89,100,7.09
322,Havre-Saint-Pierre,CA,2021-07-26 17:47:01,50.2334,-63.5986,62.96,94,90,4.61
323,Nam Phong,TH,2021-07-26 17:47:01,16.7023,102.8557,79.99,89,100,5.41
324,Colares,PT,2021-07-26 17:47:01,38.7992,-9.4469,76.19,65,20,26.46
325,Cidreira,BR,2021-07-26 17:47:02,-30.1811,-50.2056,63.59,91,99,5.93
326,Hambantota,LK,2021-07-26 17:47:02,6.1241,81.1185,80.94,81,95,19.48
327,Kiama,AU,2021-07-26 17:47:03,-34.6833,150.8667,58.57,63,97,11.99
328,Garissa,KE,2021-07-26 17:47:03,-0.4536,39.6401,76.14,60,74,24.43
329,Washougal,US,2021-07-26 17:47:03,45.5826,-122.3534,89.04,66,1,4.61
330,Youkounkoun,GN,2021-07-26 17:47:04,12.5333,-13.1333,84.74,73,95,3.0
331,Soyo,AO,2021-07-26 17:47:04,-6.1349,12.3689,72.61,84,45,9.82
332,Smithers,CA,2021-07-26 17:43:55,54.7804,-127.1743,53.92,94,90,5.75
333,Svetlyy,RU,2021-07-26 17:47:05,54.675,20.1347,77.05,74,100,11.14
334,Shepsi,RU,2021-07-26 17:47:05,44.0361,39.1489,78.39,75,25,11.14
335,Erenhot,CN,2021-07-26 17:47:05,43.6475,111.9767,65.98,65,34,6.55
336,Lapua,FI,2021-07-26 17:47:06,62.9693,23.0088,79.48,55,36,4.68
337,Zhigansk,RU,2021-07-26 17:47:06,66.7697,123.3711,50.43,84,23,11.43
338,Basco,PH,2021-07-26 17:47:06,20.4487,121.9702,82.27,89,95,27.89
339,Praia,CV,2021-07-26 17:47:07,14.9215,-23.5087,84.74,58,75,13.8
340,Sao Felix Do Xingu,BR,2021-07-26 17:47:07,-6.6447,-51.995,96.84,22,42,4.0
341,Shitkino,RU,2021-07-26 17:47:07,56.3703,98.3543,66.07,64,32,3.89
342,Yumen,CN,2021-07-26 17:47:08,40.2833,97.2,79.61,21,82,15.1
343,Urucui,BR,2021-07-26 17:47:08,-7.2294,-44.5561,95.4,24,97,7.05
344,San Rafael Del Sur,NI,2021-07-26 17:47:09,11.8485,-86.4384,86.97,49,80,8.59
345,Ahipara,NZ,2021-07-26 17:47:09,-35.1667,173.1667,55.29,83,22,18.84
346,Puerto Del Rosario,ES,2021-07-26 17:47:09,28.5004,-13.8627,80.35,61,20,21.85
347,San Ramon,US,2021-07-26 17:47:10,37.7799,-121.978,79.09,60,1,5.75
348,Plettenberg Bay,ZA,2021-07-26 17:42:43,-34.0527,23.3716,68.99,33,63,12.46
349,Birjand,IR,2021-07-26 17:47:10,32.8663,59.2211,88.27,14,26,27.63
350,Gladstone,AU,2021-07-26 17:47:11,-23.85,151.25,53.53,76,13,6.91
351,Ternate,ID,2021-07-26 17:47:11,0.8,127.4,80.82,82,100,10.45
352,Ilulissat,GL,2021-07-26 17:47:11,69.2167,-51.1,48.22,61,75,3.44
353,Salym,RU,2021-07-26 17:47:12,60.0625,71.4789,55.96,67,87,7.38
354,Sur,OM,2021-07-26 17:42:39,22.5667,59.5289,92.88,52,71,13.82
355,Loandjili,CG,2021-07-26 17:45:18,-4.7561,11.8578,75.31,83,20,5.75
356,Pacific Grove,US,2021-07-26 17:47:12,36.6177,-121.9166,73.81,93,90,1.99
357,Ostersund,SE,2021-07-26 17:47:13,63.1792,14.6357,79.25,38,0,6.91
358,Burnie,AU,2021-07-26 17:47:13,-41.0667,145.9167,54.91,88,100,15.9
359,Aranos,NA,2021-07-26 17:47:13,-24.1333,19.1167,54.82,25,0,13.02
360,Tessalit,ML,2021-07-26 17:47:14,20.1986,1.0114,103.5,18,44,14.41
361,Ahuimanu,US,2021-07-26 17:47:14,21.4447,-157.8378,78.85,72,90,9.22
362,Chor,PK,2021-07-26 17:47:15,25.5167,69.7667,87.03,66,99,20.89
363,Biltine,TD,2021-07-26 17:47:15,14.5333,20.9167,85.39,54,80,6.78
364,Marivan,IR,2021-07-26 17:47:16,35.5219,46.176,83.57,19,10,0.27
365,Penzance,GB,2021-07-26 17:47:16,50.1186,-5.5371,65.41,100,40,10.36
366,Salisbury,GB,2021-07-26 17:47:16,51.0693,-1.7957,76.03,59,40,6.91
367,Fortuna,US,2021-07-26 17:47:17,40.5982,-124.1573,79.41,94,90,4.61
368,Muravlenko,RU,2021-07-26 17:47:17,63.7898,74.523,50.72,74,98,10.6
369,Totma,RU,2021-07-26 17:47:17,59.9747,42.7642,57.74,98,85,4.18
370,Talcahuano,CL,2021-07-26 17:47:18,-36.7167,-73.1167,51.48,54,0,12.66
371,Narovchat,RU,2021-07-26 17:47:18,53.8765,43.6946,66.49,52,87,4.61
372,Bubaque,GW,2021-07-26 17:47:19,11.2833,-15.8333,81.01,79,86,11.5
373,Vila,PT,2021-07-26 17:47:19,42.0304,-8.1588,73.74,56,0,6.31
374,Oistins,BB,2021-07-26 17:45:35,13.0667,-59.5333,86.09,70,40,16.11
375,Hisar,IN,2021-07-26 17:47:19,29.1667,75.7167,84.72,76,91,5.93
376,Ginir,ET,2021-07-26 17:47:20,7.1333,40.7,60.84,67,98,7.38
377,Tiarei,PF,2021-07-26 17:47:20,-17.5333,-149.3333,77.02,76,34,6.98
378,Vihti,FI,2021-07-26 17:47:21,60.417,24.3197,81.01,50,40,4.09
379,Vila Franca Do Campo,PT,2021-07-26 17:43:54,37.7167,-25.4333,73.81,66,0,6.22
380,Aketi,CD,2021-07-26 17:47:21,2.7388,23.7833,73.94,83,96,2.24
381,Leshukonskoye,RU,2021-07-26 17:47:21,64.8989,45.7622,49.21,71,91,11.14
382,Tasiilaq,GL,2021-07-26 17:47:22,65.6145,-37.6368,50.16,81,13,5.37
383,Guder,ET,2021-07-26 17:47:22,8.9667,37.7667,57.43,95,99,2.26
384,Cherskiy,RU,2021-07-26 17:46:23,68.75,161.3,39.51,74,1,8.61
385,Najran,SA,2021-07-26 17:47:23,17.4924,44.1277,93.85,25,74,13.15
386,Nouadhibou,MR,2021-07-26 17:47:23,20.931,-17.0347,75.18,73,6,23.02
387,Tandil,AR,2021-07-26 17:47:24,-37.3217,-59.1332,54.1,30,22,10.0
388,Atar,MR,2021-07-26 17:47:24,20.5169,-13.0499,113.92,5,48,8.68
389,Monywa,MM,2021-07-26 17:47:24,22.1167,95.1333,78.53,83,91,13.24
390,Mehamn,NO,2021-07-26 17:47:25,71.0357,27.8492,47.64,80,23,4.0
391,Porto Belo,BR,2021-07-26 17:47:25,-27.1578,-48.5531,83.79,79,52,9.8
392,Alofi,NU,2021-07-26 17:47:25,-19.0595,-169.9187,69.69,100,40,3.44
393,Yining,CN,2021-07-26 17:47:26,29.0361,114.5636,76.78,91,15,3.38
394,Teahupoo,PF,2021-07-26 17:47:26,-17.8333,-149.2667,71.56,76,40,7.63
395,Cabo San Lucas,MX,2021-07-26 17:47:26,22.8909,-109.9124,94.6,68,1,5.01
396,Okemos,US,2021-07-26 17:47:27,42.7223,-84.4275,87.78,44,1,9.22
397,Atasu,KZ,2021-07-26 17:47:27,48.6814,71.6433,66.07,52,2,9.8
398,Orzu,TJ,2021-07-26 17:47:27,37.5593,68.8184,88.2,14,2,3.87
399,Morro Bay,US,2021-07-26 17:47:28,35.3658,-120.8499,80.38,68,100,4.0
400,Kropotkin,RU,2021-07-26 17:47:28,45.4375,40.5756,79.2,40,0,12.77
401,Rottingdean,GB,2021-07-26 17:47:29,50.8098,-0.0594,74.05,81,20,1.99
402,Yeppoon,AU,2021-07-26 17:47:29,-23.1333,150.7333,47.98,77,18,6.22
403,Zhezkazgan,KZ,2021-07-26 17:47:09,47.8043,67.7144,74.07,26,5,15.08
404,Honiara,SB,2021-07-26 17:47:29,-9.4333,159.95,75.54,96,100,9.66
405,Jalu,LY,2021-07-26 17:47:30,29.0331,21.5482,90.18,23,0,8.77
406,Tomatlan,MX,2021-07-26 17:47:30,19.9333,-105.25,92.16,55,88,4.23
407,Morristown,US,2021-07-26 17:42:31,36.214,-83.2949,94.84,67,84,1.01
408,Hay River,CA,2021-07-26 17:43:16,60.8156,-115.7999,69.78,56,20,3.44
409,Pisco,PE,2021-07-26 17:44:43,-13.7,-76.2167,68.05,73,0,8.05
410,Acoyapa,NI,2021-07-26 17:47:31,11.9703,-85.1711,89.69,60,99,9.33
411,Port Hardy,CA,2021-07-26 17:45:29,50.6996,-127.4199,60.98,88,75,3.44
412,Krasnorechenskiy,RU,2021-07-26 17:47:31,44.6265,135.3532,66.15,96,98,0.83
413,Sardulgarh,IN,2021-07-26 17:47:32,29.7,75.25,86.13,71,94,9.1
414,Menongue,AO,2021-07-26 17:47:32,-14.6585,17.691,58.46,34,60,5.57
415,Vallenar,CL,2021-07-26 17:47:33,-28.5708,-70.7581,67.66,25,0,5.86
416,Fengxian,CN,2021-07-26 17:47:33,34.7039,116.5872,77.38,93,100,8.05
417,Binzhou,CN,2021-07-26 17:47:33,37.3667,118.0167,77.99,91,97,7.96
418,Pangkalanbuun,ID,2021-07-26 17:44:35,-2.6833,111.6167,73.83,92,1,2.73
419,Nanakuli,US,2021-07-26 17:47:34,21.3906,-158.1547,79.11,71,1,0.0
420,Baykit,RU,2021-07-26 17:47:34,61.67,96.37,67.8,71,37,3.76
421,Pauini,BR,2021-07-26 17:47:34,-7.7136,-66.9764,98.62,30,44,1.1
422,Rawson,AR,2021-07-26 17:47:35,-43.3002,-65.1023,46.76,40,11,29.57
423,Imbituba,BR,2021-07-26 17:47:35,-28.24,-48.6703,82.29,59,13,7.65
424,Vestmanna,FO,2021-07-26 17:47:36,62.1564,-7.1664,50.92,100,90,9.22
425,Villarrica,PY,2021-07-26 17:47:36,-25.75,-56.4333,88.52,30,100,8.81
426,Vikhorevka,RU,2021-07-26 17:47:36,56.1201,101.1636,69.39,62,29,1.34
427,Gasa,PS,2021-07-26 17:47:37,31.5,34.4667,84.9,72,0,10.25
428,Flin Flon,CA,2021-07-26 17:45:06,54.7682,-101.865,66.04,55,75,6.91
429,Juneau,US,2021-07-26 17:47:01,58.3019,-134.4197,58.84,89,75,3.44
430,West Fargo,US,2021-07-26 17:47:37,46.875,-96.9004,84.25,54,1,10.36
431,Saint Anthony,US,2021-07-26 17:45:05,45.0205,-93.218,90.25,52,20,12.66
432,Mayo,US,2021-07-26 17:47:38,38.8876,-76.5119,94.23,69,100,1.99
433,Qaqortoq,GL,2021-07-26 17:47:38,60.7167,-46.0333,66.7,61,57,4.32
434,Ossora,RU,2021-07-26 17:47:39,59.2353,163.0719,59.79,97,100,8.32
435,Lucea,JM,2021-07-26 17:47:39,18.451,-78.1736,86.86,73,89,7.72
436,Llanes,ES,2021-07-26 17:47:39,43.4198,-4.7549,75.87,80,57,2.66
437,Davila,PH,2021-07-26 17:47:40,18.4726,120.5763,81.64,85,83,25.37
438,Tazovskiy,RU,2021-07-26 17:47:40,67.4667,78.7,46.29,97,100,16.02
439,Northfield,US,2021-07-26 17:47:40,44.4583,-93.1616,90.32,55,40,9.22
440,Constitucion,CL,2021-07-26 17:47:41,-35.3333,-72.4167,54.88,65,29,10.74
441,Grindavik,IS,2021-07-26 17:47:41,63.8424,-22.4338,53.55,87,90,14.97
442,Ranikhet,IN,2021-07-26 17:47:41,29.65,79.4167,65.05,92,96,0.81
443,Goderich,CA,2021-07-26 17:46:56,43.7501,-81.7165,83.03,69,0,5.75
444,Zabid,YE,2021-07-26 17:47:42,14.1951,43.3152,85.84,70,98,10.63
445,Santiago,CL,2021-07-26 17:43:26,-33.4569,-70.6483,59.18,54,75,4.61
446,Khambhat,IN,2021-07-26 17:47:43,22.3,72.6167,82.04,78,91,13.47
447,Panguna,PG,2021-07-26 17:47:43,-6.3164,155.4848,67.23,96,23,2.46
448,Atambua,ID,2021-07-26 17:47:44,-9.1061,124.8925,68.43,87,18,4.56
449,Los Llanos De Aridane,ES,2021-07-26 17:47:44,28.6585,-17.9182,75.13,82,20,13.8
450,Kavieng,PG,2021-07-26 17:46:27,-2.5744,150.7967,80.53,77,9,5.57
451,Manavalakurichi,IN,2021-07-26 17:47:45,8.1333,77.3,80.69,86,96,13.22
452,Godfrey,US,2021-07-26 17:47:45,38.9556,-90.1868,90.64,47,1,4.61
453,Moron,AR,2021-07-26 17:47:45,-34.6534,-58.6198,61.02,34,34,4.0
454,Sistranda,NO,2021-07-26 17:47:46,63.7256,8.834,67.96,80,18,11.1
455,Marsh Harbour,BS,2021-07-26 17:47:46,26.5412,-77.0636,83.8,70,8,9.64
456,Sol-Iletsk,RU,2021-07-26 17:47:47,51.1631,54.9918,64.96,37,4,7.0
457,Ino,JP,2021-07-26 17:47:47,33.55,133.4333,73.83,78,26,3.49
458,Kisangani,CD,2021-07-26 17:46:33,0.5167,25.2,82.51,43,89,2.66
459,Lata,PT,2021-07-26 17:47:48,40.1629,-8.3327,84.04,50,0,9.17
460,Geraldton,AU,2021-07-26 17:47:48,-28.7667,114.6,65.12,68,90,26.46
461,Arica,CL,2021-07-26 17:47:48,-18.475,-70.3042,65.75,68,90,12.66
462,Okhotsk,RU,2021-07-26 17:47:46,59.3833,143.3,57.27,91,54,7.54
463,Anadyr,RU,2021-07-26 17:47:49,64.75,177.4833,50.5,93,75,17.0
464,La Palma,US,2021-07-26 17:47:49,33.8464,-118.0467,82.49,82,90,1.01
465,Angoche,MZ,2021-07-26 17:47:50,-16.2325,39.9086,69.6,78,4,10.18
466,Vostok,RU,2021-07-26 17:47:50,46.4856,135.8833,69.12,92,97,3.67
467,Erzin,TR,2021-07-26 17:47:50,36.9559,36.2,84.92,76,0,3.76
468,Nguruka,TZ,2021-07-26 17:47:51,-5.1092,31.0419,67.3,33,39,5.21
469,Kodiak,US,2021-07-26 17:47:51,57.79,-152.4072,54.91,82,90,0.0
470,Mangan,IN,2021-07-26 17:47:51,27.5167,88.5333,77.97,97,100,2.17
471,Kigorobya,UG,2021-07-26 17:47:52,1.6162,31.3089,70.9,57,87,2.95
472,Nurlat,RU,2021-07-26 17:45:31,54.4277,50.8051,62.47,53,65,3.91
473,Opuwo,NA,2021-07-26 17:47:52,-18.0607,13.84,65.62,27,2,7.67
474,Agadez,NE,2021-07-26 17:47:53,19.75,10.25,96.91,16,71,6.17
475,Yenagoa,NG,2021-07-26 17:47:53,4.9247,6.2642,77.94,66,40,8.46
476,Haines Junction,CA,2021-07-26 17:47:53,60.7522,-137.5108,49.95,76,98,2.3
477,Jardim,BR,2021-07-26 17:47:54,-21.4803,-56.1381,93.06,21,39,11.48
478,Mizdah,LY,2021-07-26 17:47:54,31.4451,12.9801,87.98,18,0,11.36
479,Adre,TD,2021-07-26 17:47:54,13.4667,22.2,73.78,80,95,13.11
480,Nevel,RU,2021-07-26 17:47:55,56.0209,29.9284,70.21,61,27,4.68
481,Lidkoping,SE,2021-07-26 17:47:55,58.5052,13.1577,75.72,74,100,7.07
482,Hermosillo,MX,2021-07-26 17:47:56,29.0667,-110.9667,96.91,48,41,1.01
483,Yaan,NG,2021-07-26 17:47:56,7.3833,8.5667,73.49,80,79,4.45
484,La Reforma,MX,2021-07-26 17:47:56,25.0833,-108.05,95.09,51,69,4.43
485,Doume,CM,2021-07-26 17:47:57,4.2333,13.45,73.81,75,82,2.64
486,Gambela,ET,2021-07-26 17:47:57,8.25,34.5833,67.42,99,100,1.7
487,Trincomalee,LK,2021-07-26 17:47:58,8.5711,81.2335,81.68,77,96,22.46
488,Yabelo,ET,2021-07-26 17:47:58,4.8833,38.0833,61.86,54,100,8.55
489,Puerto Ayacucho,VE,2021-07-26 17:47:58,5.6639,-67.6236,73.83,95,100,1.01
490,Polson,US,2021-07-26 17:47:59,47.6936,-114.1632,88.41,21,30,0.85
491,Yakymivka,UA,2021-07-26 17:47:59,46.6897,35.1536,77.27,50,48,8.75
492,Vytegra,RU,2021-07-26 17:47:59,61.0064,36.4481,62.47,81,44,3.2
493,Salinopolis,BR,2021-07-26 17:48:00,-0.6136,-47.3561,83.97,67,58,11.18
494,Poquoson,US,2021-07-26 17:48:00,37.1224,-76.3458,91.45,68,75,1.01
495,San Patricio,US,2021-07-26 17:48:00,28.017,-97.5169,93.29,40,57,4.52
496,Coxim,BR,2021-07-26 17:48:01,-18.5067,-54.76,97.25,16,1,8.37
497,Oranjemund,NA,2021-07-26 17:48:01,-28.55,16.4333,68.61,35,8,6.91
498,Nokha,IN,2021-07-26 17:48:02,27.6,73.4167,88.52,57,100,20.42
499,Touros,BR,2021-07-26 17:48:02,-5.1989,-35.4608,85.1,62,16,17.67
500,Denpasar,ID,2021-07-26 17:48:02,-8.65,115.2167,76.66,94,20,5.75
501,Ullal,IN,2021-07-26 17:48:03,12.8,74.85,77.95,94,75,0.0
502,Baruun-Urt,MN,2021-07-26 17:48:03,46.6806,113.2792,56.93,76,49,3.65
503,Talara,PE,2021-07-26 17:48:04,-4.5772,-81.2719,77.76,65,0,17.27
504,Luanda,AO,2021-07-26 17:46:18,-8.8368,13.2343,70.97,86,84,14.27
505,Poronaysk,RU,2021-07-26 17:48:04,49.2167,143.1167,67.46,85,100,2.46
506,Libertador General San Martin,AR,2021-07-26 17:48:05,-23.8064,-64.7876,71.94,29,0,6.91
507,Truro,GB,2021-07-26 17:45:05,50.2653,-5.0544,69.53,60,75,10.36
508,Maragogi,BR,2021-07-26 17:48:05,-9.0122,-35.2225,77.67,77,18,9.64
509,Gohad,IN,2021-07-26 17:48:06,26.4261,78.4447,90.52,61,100,8.34
510,Gboko,NG,2021-07-26 17:48:06,7.3179,8.9951,74.28,79,89,7.16
511,Lumberton,US,2021-07-26 17:48:07,34.6182,-79.0086,93.22,46,60,7.65
512,Havoysund,NO,2021-07-26 17:48:07,70.9963,24.6622,54.48,80,18,7.29
513,Karlskrona,SE,2021-07-26 17:48:07,56.1616,15.5866,75.65,76,61,9.28
514,Mayumba,GA,2021-07-26 17:48:08,-3.432,10.6554,71.98,88,97,7.45
515,Cartagena,CO,2021-07-26 17:46:02,10.3997,-75.5144,85.62,74,40,8.05
516,Chibuto,MZ,2021-07-26 17:48:08,-24.6867,33.5306,59.04,81,15,5.21
517,Shiloh,US,2021-07-26 17:48:09,38.5614,-89.8973,90.64,55,1,5.75
518,Yeniseysk,RU,2021-07-26 17:48:09,58.4497,92.1703,66.61,70,98,4.36
519,Chicama,PE,2021-07-26 17:48:09,-7.8447,-79.1469,66.74,61,24,10.8
520,Mglin,RU,2021-07-26 17:48:10,53.0591,32.8475,68.67,65,47,5.3
521,Gobabis,NA,2021-07-26 17:48:10,-22.45,18.9667,51.64,36,0,11.92
522,Coquimbo,CL,2021-07-26 17:48:10,-29.9533,-71.3436,60.53,67,0,12.66
523,Gornopravdinsk,RU,2021-07-26 17:48:11,60.05,69.9,55.72,66,100,5.14
524,Upata,VE,2021-07-26 17:48:11,8.0086,-62.3989,82.18,63,53,3.96
525,Calama,CL,2021-07-26 17:48:12,-22.4667,-68.9333,64.89,9,0,18.41
526,Zyryanka,RU,2021-07-26 17:48:12,65.75,150.85,45.88,63,14,8.95
527,Namtsy,RU,2021-07-26 17:48:12,62.7161,129.6658,71.71,62,14,9.22
528,Luganville,VU,2021-07-26 17:48:13,-15.5333,167.1667,77.22,87,53,10.04
529,Pasighat,IN,2021-07-26 17:48:13,28.0667,95.3333,77.99,96,100,4.14
530,Auki,SB,2021-07-26 17:48:14,-8.7676,160.7034,75.11,95,100,6.38
531,Kavaratti,IN,2021-07-26 17:48:14,10.5669,72.642,81.46,80,100,17.58
532,Fushan,CN,2021-07-26 17:48:14,37.4958,121.2581,77.36,88,100,3.74
533,Broome,US,2021-07-26 17:48:15,42.2506,-75.833,86.47,50,1,1.99
534,Berlevag,NO,2021-07-26 17:48:15,70.8578,29.0864,46.71,87,66,7.0
535,Humaita,BR,2021-07-26 17:48:15,-7.5061,-63.0208,100.83,24,55,2.39
536,Guadalupe,MX,2021-07-26 17:48:16,25.6833,-100.25,90.39,55,0,3.0
537,Uddevalla,SE,2021-07-26 17:47:15,58.3478,11.9424,71.85,81,97,5.01
538,Saint-Georges,GD,2021-07-26 17:48:16,12.0564,-61.7485,80.28,89,75,6.91
539,Alice Springs,AU,2021-07-26 17:48:17,-23.7,133.8833,62.15,23,39,12.66
540,Vuktyl,RU,2021-07-26 17:48:17,63.8567,57.3094,47.48,88,92,10.07
541,Utinga,BR,2021-07-26 17:48:17,-5.8172,-35.3954,85.05,65,40,17.27
542,Libenge,CD,2021-07-26 17:48:18,3.65,18.6333,76.06,72,94,1.9
543,Witu,KE,2021-07-26 17:48:18,-2.3889,40.4382,75.36,74,44,17.11
544,Rettikhovka,RU,2021-07-26 17:48:18,44.1683,132.7669,70.07,97,72,3.69
545,Okato,NZ,2021-07-26 17:48:19,-39.2,173.8833,50.41,84,88,13.56
546,West Wendover,US,2021-07-26 17:48:19,40.7391,-114.0733,83.41,15,1,4.61
547,Katsuura,JP,2021-07-26 17:48:19,35.1333,140.3,73.51,74,100,22.12
548,Novikovo,RU,2021-07-26 17:48:20,51.1537,37.8879,70.45,52,26,6.64
549,Norman Wells,CA,2021-07-26 17:48:20,65.282,-126.8329,60.84,63,75,9.22
550,Kruisfontein,ZA,2021-07-26 17:48:20,-34.0033,24.7314,63.88,26,100,12.73
551,Asau,RO,2021-07-26 17:48:21,46.4333,26.4,74.32,67,43,2.89
552,Wamba,NG,2021-07-26 17:48:21,8.9333,8.6,70.92,95,98,2.51
553,Andapa,MG,2021-07-26 17:48:22,-14.65,49.65,61.68,99,100,1.99
554,Abilene,US,2021-07-26 17:48:22,32.4487,-99.7331,95.49,38,1,3.44
555,Sainte-Anne-Des-Monts,CA,2021-07-26 17:48:22,49.124,-66.4924,66.07,77,93,18.41
556,Athabasca,CA,2021-07-26 17:45:05,54.7169,-113.2854,72.01,35,48,7.31
557,Kalakamati,BW,2021-07-26 17:48:23,-20.5929,27.3121,50.23,52,0,10.36
558,Sorong,ID,2021-07-26 17:48:23,-0.8833,131.25,77.99,89,65,6.82
559,Camargo,MX,2021-07-26 17:48:23,27.6667,-105.1667,87.58,28,48,1.01
560,Umm Kaddadah,SD,2021-07-26 17:48:24,13.6017,26.6876,89.31,40,80,11.79
561,Chiapilla,MX,2021-07-26 17:48:25,16.5167,-92.7333,85.01,63,55,3.06
562,Kulhudhuffushi,MV,2021-07-26 17:48:25,6.6221,73.07,81.93,76,93,9.82
